<?xml version="1.0" encoding="UTF-8" ?>
<!DOCTYPE struts PUBLIC
"-//Apache Software Foundation//DTD Struts Configuration 2.0//EN"
"http://struts.apache.org/dtds/struts-2.0.dtd">
 
<struts>

 	<constant name="struts.devMode" value="false" />
    <constant name="struts.custom.i18n.resources" value="global" />
    <!-- <constant name="struts.multipart.parser" value="jakarta-stream" /> -->
    <!--constant name="struts.multipart.maxSize" value="1" /-->

	<package name="default" namespace="/" extends="struts-default">
        <default-action-ref name="doUpload" />
        <action name="upload" class="org.pwntester.action.FileUploadAction" method="input">
            <result>pages/upload.jsp</result>
        </action>

        <action name="doUpload" class="org.pwntester.action.FileUploadAction" method="upload">
            <result name="input">pages/upload.jsp</result>
            <result>pages/upload-success.jsp</result>
        </action>
	</package>
	
</struts>